{"slideshow_image_set":"books","random_products_count":50,"product-catalog":"yes","delivery-and-payment-services":"yes","customers":"yes","orders":"yes","rewrite_base_is_correct":"1","create_package":"abelo-sk-cz-en","domain_1_slug":"sk","domain_1_description":"Language SK","domain_1_language_index":2,"domain_1_theme_name":"Abelo","domain_2_slug":"cz","domain_2_description":"Language CZ","domain_2_language_index":3,"domain_2_theme_name":"Abelo","domain_3_slug":"en","domain_3_description":"Language EN","domain_3_language_index":1,"domain_3_theme_name":"Abelo","do_install":"1"}